motif_id	motif_alt_id	sequence_name	start	stop	strand	score	p-value	q-value	matched_sequence
4-GUUAUUAUUA	STREME-4	YLR436C	54	63	+	15.1562	6.01e-06	0.394	GTTATTATTA
4-GUUAUUAUUA	STREME-4	YLR024C	681	690	+	15.1562	6.01e-06	0.394	GTTATTATTA
4-GUUAUUAUUA	STREME-4	YBL103C	1230	1239	+	15.1562	6.01e-06	0.394	GTTATTATTA
4-GUUAUUAUUA	STREME-4	YNL047C	1626	1635	+	15.1562	6.01e-06	0.394	GTTATTATTA
4-GUUAUUAUUA	STREME-4	YJR125C	39	48	+	14.6146	9.95e-06	0.394	GTTATTATTG
4-GUUAUUAUUA	STREME-4	YDL043C	111	120	+	14.6146	9.95e-06	0.394	GTTATTATTG
4-GUUAUUAUUA	STREME-4	YER122C	567	576	+	14.6146	9.95e-06	0.394	GTTATTATTG
4-GUUAUUAUUA	STREME-4	YDR151C	609	618	+	14.6146	9.95e-06	0.394	GTTATTATTG
4-GUUAUUAUUA	STREME-4	YKL025C	1134	1143	+	14.6146	9.95e-06	0.394	GTTATTATTG
4-GUUAUUAUUA	STREME-4	YJR049C	1506	1515	+	14.6146	9.95e-06	0.394	GTTATTATTG
4-GUUAUUAUUA	STREME-4	YIL026C	1572	1581	+	14.6146	9.95e-06	0.394	GTTATTATTG
4-GUUAUUAUUA	STREME-4	YJL031C	450	459	+	14.2812	1.39e-05	0.394	GTTATTGTTA
4-GUUAUUAUUA	STREME-4	YMR039C	801	810	+	14.2812	1.39e-05	0.394	GTTATTGTTA
4-GUUAUUAUUA	STREME-4	YKL025C	1650	1659	+	14.2812	1.39e-05	0.394	GTTATTGTTA
4-GUUAUUAUUA	STREME-4	YBR169C	2043	2052	+	14.2812	1.39e-05	0.394	GTTATTGTTA
4-GUUAUUAUUA	STREME-4	YKR031C	3828	3837	+	14.2812	1.39e-05	0.394	GTTATTGTTA
4-GUUAUUAUUA	STREME-4	YMR224C	219	228	+	14.0417	1.74e-05	0.394	GTTATTATCA
4-GUUAUUAUUA	STREME-4	YJL090C	714	723	+	14.0417	1.74e-05	0.394	GTTATTATCA
4-GUUAUUAUUA	STREME-4	YDR030C	783	792	+	14.0417	1.74e-05	0.394	GTTATTATCA
4-GUUAUUAUUA	STREME-4	YDR135C	1062	1071	+	14.0417	1.74e-05	0.394	GTTATTATCA
4-GUUAUUAUUA	STREME-4	YDR238C	2025	2034	+	14.0417	1.74e-05	0.394	GTTATTATCA
4-GUUAUUAUUA	STREME-4	YDR328C	393	402	+	13.7396	2e-05	0.413	GTTATTGTTG
4-GUUAUUAUUA	STREME-4	YIL129C	7035	7044	+	13.7396	2e-05	0.413	GTTATTGTTG
4-GUUAUUAUUA	STREME-4	YEL053C	237	246	+	13.5	2.24e-05	0.424	GTTATTATCG
4-GUUAUUAUUA	STREME-4	YMR162C	4815	4824	+	13.5	2.24e-05	0.424	GTTATTATCG
4-GUUAUUAUUA	STREME-4	YDR069C	382	391	+	13.1667	2.47e-05	0.434	GTTATTGTCA
4-GUUAUUAUUA	STREME-4	YOL041C	783	792	+	13.1667	2.47e-05	0.434	GTTATTGTCA
4-GUUAUUAUUA	STREME-4	YKL025C	1458	1467	+	13.0312	2.83e-05	0.462	GTTACTATTA
4-GUUAUUAUUA	STREME-4	YDR283C	2841	2850	+	13.0312	2.83e-05	0.462	GTTACTATTA
4-GUUAUUAUUA	STREME-4	YMR171C	81	90	+	12.6771	3.18e-05	0.472	GTTATCATTA
4-GUUAUUAUUA	STREME-4	YPL186C	279	288	+	12.6771	3.18e-05	0.472	GTTATCATTA
4-GUUAUUAUUA	STREME-4	YKL201C	2532	2541	+	12.6771	3.18e-05	0.472	GTTATCATTA
4-GUUAUUAUUA	STREME-4	YCR026C	588	597	+	12.625	3.34e-05	0.479	GTTATTGTCG
4-GUUAUUAUUA	STREME-4	YGL124C	1425	1434	+	12.4896	3.57e-05	0.483	GTTACTATTG
4-GUUAUUAUUA	STREME-4	YLR024C	5073	5082	+	12.4896	3.57e-05	0.483	GTTACTATTG
4-GUUAUUAUUA	STREME-4	YOR290C	306	315	+	12.4375	4.05e-05	0.505	GTTAATATTA
4-GUUAUUAUUA	STREME-4	YKR031C	1707	1716	+	12.4375	4.05e-05	0.505	GTTAATATTA
4-GUUAUUAUUA	STREME-4	YGL163C	2070	2079	+	12.4375	4.05e-05	0.505	GTTAATATTA
4-GUUAUUAUUA	STREME-4	YMR036C	207	216	+	12.1562	4.28e-05	0.508	GTTACTGTTA
4-GUUAUUAUUA	STREME-4	YMR039C	807	816	+	12.1562	4.28e-05	0.508	GTTACTGTTA
4-GUUAUUAUUA	STREME-4	YDL049C	105	114	+	11.9167	4.73e-05	0.526	GTTACTATCA
4-GUUAUUAUUA	STREME-4	YBR216C	315	324	+	11.9167	4.73e-05	0.526	GTTACTATCA
4-GUUAUUAUUA	STREME-4	YLR006C	748	757	+	11.8958	5.04e-05	0.526	GTTAATATTG
4-GUUAUUAUUA	STREME-4	YER151C	2484	2493	+	11.8958	5.04e-05	0.526	GTTAATATTG
4-GUUAUUAUUA	STREME-4	YHL034C	309	318	+	11.8438	5.52e-05	0.526	GTTATTAATA
4-GUUAUUAUUA	STREME-4	YDR151C	630	639	+	11.8438	5.52e-05	0.526	GTTATTAATA
4-GUUAUUAUUA	STREME-4	YHR056C	1329	1338	+	11.8438	5.52e-05	0.526	GTTATTAATA
4-GUUAUUAUUA	STREME-4	YDL215C	465	474	+	11.8021	5.76e-05	0.526	GTTATCGTTA
4-GUUAUUAUUA	STREME-4	YGL223C	600	609	+	11.8021	5.76e-05	0.526	GTTATCGTTA
4-GUUAUUAUUA	STREME-4	YGL124C	402	411	+	11.6146	5.91e-05	0.526	GTTACTGTTG
4-GUUAUUAUUA	STREME-4	YOL041C	1021	1030	+	11.6146	5.91e-05	0.526	GTTACTGTTG
4-GUUAUUAUUA	STREME-4	YBR223C	1506	1515	+	11.6146	5.91e-05	0.526	GTTACTGTTG
4-GUUAUUAUUA	STREME-4	YDR194C	1821	1830	+	11.6146	5.91e-05	0.526	GTTACTGTTG
4-GUUAUUAUUA	STREME-4	YDR333C	330	339	+	11.5625	6.44e-05	0.526	GTTAATGTTA
4-GUUAUUAUUA	STREME-4	YGL203C	534	543	+	11.5625	6.44e-05	0.526	GTTATCATCA
4-GUUAUUAUUA	STREME-4	YKL100C	1041	1050	+	11.5625	6.44e-05	0.526	GTTATCATCA
4-GUUAUUAUUA	STREME-4	YMR273C	2007	2016	+	11.5625	6.44e-05	0.526	GTTATCATCA
4-GUUAUUAUUA	STREME-4	YNL139C	3379	3388	+	11.5625	6.44e-05	0.526	GTTATCATCA
4-GUUAUUAUUA	STREME-4	YOR363C	141	150	+	11.3021	7.18e-05	0.567	GTTATTAATG
4-GUUAUUAUUA	STREME-4	YJL090C	741	750	+	11.3021	7.18e-05	0.567	GTTATTAATG
4-GUUAUUAUUA	STREME-4	YAL047C	1077	1086	+	11.0417	7.47e-05	0.58	GTTACTGTCA
4-GUUAUUAUUA	STREME-4	YER151C	2451	2460	+	11.0208	7.81e-05	0.597	GTTAATGTTG
4-GUUAUUAUUA	STREME-4	YMR039C	477	486	+	10.9062	8.44e-05	0.635	GTTATTAGTA
4-GUUAUUAUUA	STREME-4	YNL297C	1488	1497	+	10.8333	8.76e-05	0.649	GGTATTATTA
4-GUUAUUAUUA	STREME-4	YDR164C	1426	1435	+	10.8021	9.07e-05	0.662	GTGATTATTA
4-GUUAUUAUUA	STREME-4	YMR131C	372	381	+	10.6875	9.68e-05	0.686	GTTATCGTCA
4-GUUAUUAUUA	STREME-4	YMR078C	933	942	+	10.5521	9.89e-05	0.686	GTTACCATTA
4-GUUAUUAUUA	STREME-4	YDR069C	1737	1746	+	10.5521	9.89e-05	0.686	GTTACCATTA
4-GUUAUUAUUA	STREME-4	YLR319C	2278	2287	+	10.5	9.98e-05	0.686	GTTACTGTCG

# FIMO (Find Individual Motif Occurrences): Version 5.5.1 compiled on Feb  5 2023 at 16:40:27
# The format of this file is described at https://meme-suite.org/meme/doc/fimo-output-format.html.
# fimo --parse-genomic-coord --verbosity 1 --oc fimo_out_3 --bgfile ./background --motif 4-GUUAUUAUUA streme_out/streme.xml Cbp80_G1.fa
